,Year Manufactured,Engine Capacity,Warranty,Mileage,Price
0,2022,2.0,5,4999.0,229000
1,2018,2.4,5,69999.0,175000
2,2019,2.5,5,24999.0,233000
3,2018,2.5,5,74999.0,216000
4,2018,2.5,5,69999.0,148000
6,2020,2.0,1,24999.0,418888
7,2023,5.2,0,4999.0,100600
8,2007,2.5,0,169999.0,27800
9,2018,2.5,5,49999.0,255000
10,2019,2.0,1,19999.0,148000
11,2015,1.0,0,59999.0,23000
14,2003,1.3,0,299999.0,2500
18,2019,1.6,5,24999.0,176800
19,2019,1.2,5,24999.0,137800
21,2019,2.0,1,14999.0,166000
22,2018,2.0,5,19999.0,173800
23,2018,2.0,1,34999.0,173888
24,2019,2.0,3,44999.0,225888
25,2021,2.0,5,14999.0,206000
26,2021,2.0,5,19999.0,210000
27,2018,2.5,5,59999.0,227000
28,2021,2.0,5,24999.0,229000
29,2011,1.6,0,84999.0,23800
30,2022,2.0,5,14999.0,243000
31,2017,2.0,0,99999.0,239800
32,2018,2.0,1,19999.0,145000
33,2012,2.0,0,99999.0,35800
35,2019,1.2,1,54999.0,67000
36,2019,2.0,5,29999.0,205888
37,2008,2.5,0,159999.0,18800
38,2016,2.0,1,44999.0,124800
39,2020,2.0,5,39999.0,156000
40,2021,2.0,5,24999.0,208000
41,2018,2.5,5,9999.0,228000
42,2014,2.0,0,89999.0,109800
43,2019,2.0,1,19999.0,151000
44,2019,2.5,5,24999.0,193888
45,2019,2.5,5,29999.0,238888
46,2019,2.0,1,34999.0,138888
47,2017,2.5,1,44999.0,193800
48,2019,2.5,5,49999.0,181888
49,2018,2.5,1,34999.0,202888
50,2019,2.0,1,79999.0,216800
51,2022,2.0,0,34999.0,215800
52,2010,1.1,1,149999.0,10888
53,2020,2.0,0,54999.0,269800
54,2018,2.0,1,14999.0,148000
55,2008,1.3,0,159999.0,13800
56,2020,2.0,1,24999.0,198000
57,2020,3.0,3,9999.0,375000
58,2019,1.3,1,64999.0,185000
59,2018,2.0,1,59999.0,238000
60,2021,2.0,5,9999.0,215000
61,2019,2.0,5,24999.0,209000
62,2018,2.0,1,29999.0,283000
63,2020,1.5,5,54999.0,155000
64,2012,3.0,0,109999.0,133888
65,2020,2.0,1,19999.0,154000
66,2020,2.0,5,24999.0,159000
67,2020,1.3,1,39999.0,193000
68,2020,3.0,1,24999.0,589000
69,2018,2.2,0,89999.0,98800
70,2008,1.3,0,139999.0,13800
71,2013,1.4,0,89999.0,34800
72,2022,2.0,4,24999.0,332000
73,2021,2.0,5,19999.0,235000
74,2019,2.0,5,39999.0,146000
75,2018,2.0,5,39999.0,242000
76,2019,2.4,1,14999.0,187000
77,2019,2.0,5,34999.0,278800
78,2023,1.8,0,14999.0,90800
79,2017,4.0,0,19999.0,590800
80,2020,2.0,5,24999.0,286000
81,2004,1.5,0,139999.0,13800
82,2017,2.0,1,34999.0,113888
83,2019,2.5,1,49999.0,229888
84,2020,2.0,1,4999.0,438800
85,2018,2.0,5,24999.0,268000
86,2020,2.0,5,14999.0,318000
87,2019,2.4,1,19999.0,186000
88,2014,3.0,0,84999.0,115000
89,2014,2.0,1,99999.0,118800
90,2010,6.0,0,64999.0,119800
91,2016,3.9,0,14999.0,1160000
92,2019,2.0,1,44999.0,258800
93,2022,2.0,5,14999.0,343000
94,2018,2.0,5,84999.0,136000
98,2019,2.4,1,24999.0,182000
100,2018,3.0,1,74999.0,288000
101,2018,2.0,1,34999.0,198800
102,2020,2.0,1,24999.0,348800
103,2016,1.5,0,99999.0,52800
104,2018,1.8,0,94999.0,75800
105,2022,2.0,0,59999.0,214800
106,2018,2.0,1,69999.0,140000
107,2019,2.5,5,9999.0,265000
108,2009,1.5,0,179999.0,23900
109,2019,2.4,1,19999.0,185000
110,2019,2.0,1,34999.0,155000
111,2012,2.0,0,139999.0,49800
112,2016,2.0,1,44999.0,239800
113,2016,1.2,1,84999.0,31800
114,2013,1.4,0,74999.0,26800
115,2017,4.0,0,159999.0,69800
116,2008,2.0,0,129999.0,65500
117,2016,2.0,0,74999.0,153800
118,2016,2.0,0,109999.0,170800
119,2023,1.8,0,4999.0,50000
120,2014,1.5,0,94999.0,39800
121,2019,2.5,1,19999.0,188000
122,2010,5.2,0,54999.0,460000
123,2012,6.5,0,14999.0,1180000
124,2009,1.6,0,159999.0,9999
125,2018,2.0,0,109999.0,188800
126,2012,1.4,0,84999.0,26800
127,2018,3.9,0,24999.0,1380000
128,2021,2.0,5,24999.0,210000
129,2018,2.5,5,74999.0,196000
130,1997,2.0,0,189999.0,9800
131,2019,1.3,1,64999.0,185000
132,2020,2.5,1,19999.0,196000
133,2018,2.0,5,74999.0,149000
134,2019,2.0,5,39999.0,209000
135,2018,2.5,5,39999.0,235000
136,2019,1.3,1,29999.0,143000
137,2020,2.0,1,29999.0,385000
138,2021,2.0,5,14999.0,233000
139,2019,1.3,1,44999.0,27888
140,2015,2.5,1,99999.0,189800
141,2017,3.8,0,19999.0,795800
142,2019,1.5,1,19999.0,129000
143,2020,2.5,1,24999.0,196000
144,2018,2.5,5,54999.0,221000
145,2017,2.0,0,94999.0,239800
146,2014,2.5,0,99999.0,46800
147,2019,1.5,1,54999.0,61800
148,2017,2.0,1,59999.0,218000
149,2019,2.5,5,29999.0,181888
150,2019,1.5,1,24999.0,133888
151,2018,2.0,5,44999.0,136000
152,2016,2.5,0,84999.0,193800
153,2018,2.5,5,64999.0,223000
155,2018,2.0,5,64999.0,193000
156,2019,1.6,1,49999.0,223000
157,2019,2.5,5,54999.0,209000
158,2015,3.6,0,79999.0,275800
159,2023,3.0,0,4999.0,72000
161,2020,2.5,5,24999.0,249000
163,2019,2.0,5,29999.0,209000
164,2020,1.5,0,44999.0,129800
165,2019,2.5,1,14999.0,23300
166,2018,2.5,5,24999.0,203000
167,2019,2.5,5,59999.0,237000
168,2018,2.0,1,54999.0,149000
169,2021,2.0,5,19999.0,229000
170,2022,2.0,4,14999.0,339800
171,2018,1.5,0,89999.0,68800
172,2010,2.0,0,129999.0,40800
173,2015,2.0,0,99999.0,53800
174,2017,1.5,0,44999.0,56800
176,2019,2.5,1,14999.0,241000
177,2011,1.8,0,159999.0,45800
178,2018,2.5,5,49999.0,208000
179,2020,2.0,5,29999.0,219000
180,2018,2.5,5,14999.0,227000
181,2018,2.4,5,29999.0,175000
182,2013,2.0,1,79999.0,27800
183,2015,3.5,0,84999.0,189800
184,2014,2.0,0,109999.0,99800
185,2018,2.5,5,54999.0,209000
186,2018,2.5,5,99999.0,209000
187,2019,2.5,1,14999.0,208000
188,2020,2.0,5,9999.0,198000
189,2018,2.0,5,54999.0,139000
190,2021,2.0,5,19999.0,233000
191,2018,2.4,5,39999.0,188000
192,2021,2.0,5,34999.0,225000
193,2020,2.0,5,24999.0,333000
194,2020,2.0,1,44999.0,225000
195,2020,2.5,5,24999.0,282000
196,2019,1.3,1,64999.0,143000
197,2019,2.0,5,49999.0,209000
198,2019,2.5,1,19999.0,247000
199,2016,2.0,0,119999.0,123000
200,2021,2.8,0,29999.0,73500
202,2008,1.6,0,179999.0,36800
203,2020,1.3,1,9999.0,186000
204,2012,2.5,0,99999.0,53800
205,2018,2.5,5,24999.0,216000
206,2006,1.6,0,119999.0,10800
207,2018,1.6,3,19999.0,175000
208,2018,2.0,5,49999.0,139000
209,2020,2.5,1,19999.0,265000
210,2019,2.5,5,49999.0,259000
211,2020,2.0,5,34999.0,179000
212,2018,2.0,3,19999.0,183000
213,2019,2.5,5,29999.0,265000
214,2013,1.2,0,109999.0,27888
215,2018,1.6,3,19999.0,163000
216,2018,2.0,5,34999.0,158000
217,2020,2.5,5,29999.0,238000
218,2020,2.5,5,19999.0,212000
219,2019,1.3,5,24999.0,158800
220,2021,2.5,1,9999.0,233000
221,2001,2.0,0,139999.0,13800
222,2020,1.5,5,24999.0,153800
223,2018,2.4,5,29999.0,183000
225,2018,2.5,0,34999.0,219800
226,2013,2.5,0,84999.0,119800
227,2014,1.2,0,84999.0,63800
228,2012,2.5,0,109999.0,45800
229,2018,2.5,5,34999.0,256000
230,2018,2.0,5,44999.0,274000
231,2021,2.0,5,14999.0,229000
232,2020,2.5,1,14999.0,263000
233,2021,2.0,5,4999.0,298000
234,2018,2.0,5,44999.0,139000
235,2010,2.0,0,119999.0,48800
236,2006,2.0,0,99999.0,40800
237,2018,2.0,5,44999.0,155000
238,2012,2.0,0,79999.0,26800
239,2021,3.0,0,14999.0,888000
240,2014,2.0,0,109999.0,113800
241,2015,2.7,0,14999.0,269800
242,2019,2.0,0,64999.0,219800
243,2017,2.5,5,39999.0,181888
244,2020,1.5,0,54999.0,79800
245,2013,1.4,0,94999.0,33888
246,2018,1.5,0,29999.0,46800
248,2020,2.5,5,24999.0,274000
249,2020,2.5,5,24999.0,286000
250,2018,2.0,1,19999.0,149000
251,2018,2.0,5,39999.0,197000
252,2020,2.0,1,14999.0,299000
253,2020,1.3,1,44999.0,186000
254,2020,2.5,1,14999.0,263000
255,2019,1.6,2,34999.0,33800
256,2020,1.5,2,54999.0,49800
257,2010,1.5,0,99999.0,31800
259,2014,2.0,0,119999.0,113800
260,2016,2.5,0,44999.0,179800
262,2020,1.3,5,34999.0,158800
263,2020,2.5,5,29999.0,208800
264,2018,2.0,5,89999.0,258000
265,2021,2.5,1,19999.0,214000
266,2018,2.0,5,59999.0,149000
267,2018,2.0,1,69999.0,278000
268,2019,2.0,5,59999.0,199000
269,2019,2.0,5,24999.0,256000
270,2022,2.0,5,9999.0,220000
271,2021,2.0,5,19999.0,208000
272,2019,2.4,5,24999.0,178888
273,2021,2.0,5,9999.0,385888
274,2018,2.5,5,24999.0,228888
275,2011,2.0,0,94999.0,22800
276,2022,3.0,1,24999.0,550000
277,2014,2.0,1,84999.0,43800
278,2010,1.8,1,94999.0,55800
279,2012,1.5,1,129999.0,20800
280,2005,2.4,1,99999.0,31800
281,2009,2.5,1,109999.0,31800
282,2014,1.5,1,84999.0,26800
283,2010,1.8,1,149999.0,24800
284,2015,1.6,1,119999.0,29800
285,2015,1.6,1,119999.0,28800
286,2011,2.0,1,129999.0,31800
287,2018,2.0,5,49999.0,179000
288,2013,1.5,1,129999.0,28800
289,2020,1.3,1,14999.0,169000
290,2021,2.0,5,19999.0,208000
291,2019,2.0,5,19999.0,248000
292,2021,2.0,5,19999.0,222000
293,2018,2.5,5,29999.0,213000
294,2018,2.5,5,64999.0,238000
295,2018,2.0,1,44999.0,158000
296,2018,2.0,5,49999.0,189000
297,2009,1.5,5,179999.0,23900
298,2020,2.0,5,24999.0,148888
299,2008,1.8,1,139999.0,19800
300,2012,1.6,1,94999.0,14800
301,2012,2.0,1,119999.0,27800
302,2011,1.3,0,99999.0,10000
303,2018,2.5,5,29999.0,246000
304,2021,2.0,5,19999.0,238000
305,2018,2.0,5,99999.0,238000
306,2018,2.0,5,39999.0,193000
307,2018,2.0,0,109999.0,189800
308,2014,2.0,0,94999.0,56800
310,2010,3.8,0,84999.0,338800
311,2016,1.6,1,64999.0,30800
313,2013,1.6,0,99999.0,22800
314,2022,2.0,5,9999.0,352800
315,2006,1.5,0,179999.0,5800
316,2023,3.9,0,4999.0,75000
317,2021,2.0,0,34999.0,363000
318,2020,2.0,0,34999.0,395000
319,2021,2.0,0,24999.0,405000
321,2020,2.0,0,29999.0,410000
322,2016,1.5,0,54999.0,99800
323,2019,2.0,0,89999.0,179800
325,2019,2.5,5,14999.0,225000
326,2020,2.5,1,29999.0,279000
327,2022,2.5,5,9999.0,296000
328,2020,2.0,1,29999.0,166888
329,2020,2.0,5,24999.0,298888
330,2018,3.5,5,29999.0,305888
333,2023,6.4,0,4999.0,98600
334,2015,2.0,0,74999.0,172000
335,2019,2.0,1,19999.0,303000
336,2012,2.0,1,179999.0,29888
337,2015,1.5,1,119999.0,29888
338,2019,2.5,5,14999.0,208000
339,2022,2.0,1,4999.0,587000
340,2021,2.5,5,14999.0,254000
341,2007,1.3,1,149999.0,13800
342,2004,1.0,1,149999.0,11800
343,2020,2.5,1,19999.0,265000
344,2015,1.0,1,74999.0,27800
345,2012,1.6,1,94999.0,14800
346,2012,2.0,1,129999.0,27800
347,2009,2.0,1,129999.0,28800
348,2005,3.0,0,109999.0,53500
349,2018,2.0,0,49999.0,329800
350,2011,1.6,0,149999.0,53800
351,2013,1.6,0,69999.0,22800
352,2020,2.0,5,19999.0,321888
354,2020,2.5,1,24999.0,263000
355,2014,2.5,0,99999.0,69800
356,2021,2.5,0,54999.0,139800
357,2018,2.0,5,19999.0,193000
358,2019,4.6,5,49999.0,396000
359,2019,1.3,1,19999.0,146000
360,2019,2.0,5,9999.0,288000
361,2021,2.0,1,19999.0,399000
362,2021,2.5,5,9999.0,279800
363,2020,3.0,0,14999.0,448000
364,2020,6.0,0,44999.0,1350000
365,2008,3.6,0,99999.0,48500
366,2021,2.5,5,24999.0,253800
367,2018,2.0,0,94999.0,159969
368,2018,2.0,0,34999.0,350000
369,2019,2.5,0,34999.0,250000
370,2019,2.5,0,34999.0,252000
371,2018,2.5,5,49999.0,236000
372,2021,2.0,0,34999.0,228800
373,2005,3.0,0,109999.0,55800
374,2017,1.6,1,59999.0,149800
376,2019,2.2,0,79999.0,106800
377,2012,1.3,1,74999.0,11888
378,2016,2.0,0,74999.0,126800
379,2009,1.5,0,299999.0,19500
380,2019,2.5,5,29999.0,192888
381,2006,6.9,0,99999.0,48000
382,1999,1.5,0,79999.0,18800
383,2010,3.0,0,84999.0,18800
384,2008,1.5,0,79999.0,22800
385,2015,2.0,0,84999.0,118800
387,2016,2.0,0,119999.0,62000
388,2018,2.0,5,39999.0,158000
389,2019,2.0,5,49999.0,168000
391,2019,2.0,5,34999.0,170000
392,2017,2.0,0,94999.0,118800
397,1997,1.5,0,79999.0,20000
398,2012,2.0,1,109999.0,50800
399,2023,8.8,0,4999.0,101600
400,2017,2.0,0,139999.0,268800
401,2023,5.2,0,84999.0,97800
402,2007,4.6,0,79999.0,52000
403,2017,2.3,0,54999.0,198800
404,2018,2.5,5,34999.0,195888
405,2019,2.5,5,29999.0,184888
406,2018,2.5,5,24999.0,175888
407,2012,2.0,0,84999.0,24800
408,2013,3.0,0,9999.0,389000
409,2010,1.8,1,129999.0,22800
410,2018,3.5,0,54999.0,248800
411,2015,1.6,0,119999.0,106800
412,2012,3.5,0,89999.0,118800
414,2021,2.0,1,19999.0,228000
415,2019,2.1,1,29999.0,338888
416,2020,3.5,1,14999.0,418888
418,2004,2.8,0,74999.0,36800
420,2014,2.5,1,109999.0,51800
422,2018,2.0,1,14999.0,273888
423,2010,2.5,0,84999.0,80000
424,2023,5.0,0,84999.0,113800
426,2000,2.5,0,79999.0,16000
427,2009,3.0,0,139999.0,33800
428,2007,3.0,0,79999.0,25800
429,2001,2.8,0,84999.0,21800
430,2004,2.8,0,79999.0,16800
431,2016,2.0,1,74999.0,65800
432,2022,2.0,1,14999.0,388800
433,2021,3.0,1,24999.0,708888
434,2017,2.0,3,44999.0,220000
435,2020,2.5,5,19999.0,278000
436,2018,2.0,M,4999.0,141000
437,2018,2.0,M,4999.0,143000
438,2018,2.0,M,4999.0,151000
439,2023,4.3,0,79999.0,96800
440,2013,1.6,0,69999.0,22800
441,2017,2.0,1,34999.0,168888
442,2015,1.6,1,109999.0,27800
444,2018,1.3,1,24999.0,198888
445,2018,2.0,1,44999.0,308888
446,2011,5.0,0,64999.0,55000
447,1991,2.5,0,69999.0,16800
448,2017,2.0,3,29999.0,168000
449,2023,6.9,0,4999.0,83600
450,2023,4.7,0,4999.0,83600
451,2020,2.0,1,39999.0,438000
452,2020,2.0,1,4999.0,428000
453,2021,3.0,1,14999.0,728000
454,2015,1.6,1,94999.0,26800
455,2023,3.0,0,89999.0,79800
456,2001,2.8,0,79999.0,26800
457,2011,2.5,0,109999.0,23800
458,2018,2.0,0,69999.0,155800
459,1997,3.0,0,84999.0,15000
460,2006,3.7,0,84999.0,21000
461,2007,3.9,0,79999.0,26500
462,2018,2.0,1,19999.0,208888
463,2020,2.5,5,19999.0,213888
464,2021,3.6,1,9999.0,458888
465,2016,1.6,1,64999.0,29800
466,2020,3.0,1,34999.0,520888
467,2023,5.0,0,79999.0,10200
468,2023,5.0,0,79999.0,96800
469,2015,2.0,0,74999.0,46800
470,2009,4.0,0,84999.0,63800
471,2020,4.0,1,19999.0,1698888
472,2007,2.8,0,79999.0,31800
473,2023,4.0,0,79999.0,96800
474,2018,2.5,5,39999.0,223888
475,2021,2.5,5,24999.0,269888
476,2013,1.5,1,94999.0,28800
477,2018,2.5,5,19999.0,218000
478,2019,2.0,5,34999.0,158000
479,2019,2.0,5,74999.0,155000
480,2020,2.5,5,34999.0,260000
481,2014,2.5,0,139999.0,69800
482,2011,2.0,0,94999.0,45500
483,2018,2.5,5,34999.0,228000
484,2001,2.8,0,84999.0,15000
486,2019,2.0,5,39999.0,175888
487,2015,1.0,1,74999.0,25800
488,2020,1.2,1,24999.0,139888
489,2018,2.5,1,39999.0,183888
490,2019,2.5,5,29999.0,189888
491,1994,2.8,0,79999.0,11000
492,2020,2.5,5,19999.0,206888
493,2021,2.5,5,14999.0,272888
494,2002,3.0,0,84999.0,35300
495,1997,3.0,0,79999.0,15000
496,2009,3.0,0,84999.0,19800
497,1986,3.0,0,64999.0,29800
498,2016,2.0,1,64999.0,45800
499,2023,3.0,0,84999.0,91800
500,2010,1.4,0,79999.0,9800
501,2013,2.5,0,99999.0,41800
502,1996,1.4,0,84999.0,19800
504,2016,3.9,0,24999.0,1128800
505,2008,1.3,0,129999.0,8800
506,2019,2.0,1,19999.0,164888
507,2021,2.5,5,9999.0,288888
508,2020,2.5,5,19999.0,259888
509,2011,1.0,1,74999.0,12800
510,2017,2.0,0,74999.0,149800
512,2010,1.3,0,109999.0,17800
513,2008,2.8,0,94999.0,33000
514,2013,3.7,0,79999.0,59800
515,2014,1.4,0,149999.0,40800
516,2003,2.8,0,84999.0,33800
517,2013,2.5,0,109999.0,37800
519,2022,1.2,5,14999.0,110000
520,2012,2.0,1,109999.0,61800
521,2016,2.0,0,94999.0,169800
522,2016,1.5,0,64999.0,55000
523,2015,5.0,0,299999.0,58500
524,1996,3.0,0,84999.0,13800
525,2015,2.0,0,84999.0,126800
526,2015,1.5,0,99999.0,46800
527,2010,1.5,0,119999.0,18000
528,2009,1.5,0,129999.0,23800
529,2011,1.6,0,94999.0,16800
530,2011,4.0,0,44999.0,58500
531,2012,1.4,1,84999.0,49800
532,2009,2.5,0,94999.0,15800
533,2023,1.8,0,4999.0,50000
534,2001,6.8,0,84999.0,39800
535,2009,4.6,0,79999.0,61800
536,2010,4.3,0,89999.0,63800
537,2006,1.4,0,79999.0,17800
538,2001,2.8,0,94999.0,29800
539,2004,1.5,0,84999.0,18800
540,1996,2.5,0,74999.0,16800
541,2015,2.5,0,89999.0,169800
542,2012,1.8,0,84999.0,40800
543,2023,4.3,0,84999.0,96800
544,2006,13.0,0,79999.0,32000
545,1992,2.8,0,84999.0,22800
546,1996,1.4,0,79999.0,26500
547,2003,2.8,0,84999.0,21800
548,1996,2.4,0,79999.0,18800
549,2009,2.4,0,84999.0,33800
550,2008,3.0,0,84999.0,39800
551,2008,2.8,0,94999.0,31800
552,1992,3.6,0,79999.0,26800
553,2015,1.3,0,39999.0,13800
554,2015,1.6,0,74999.0,105800
555,1986,2.8,0,84999.0,29800
556,2015,4.3,0,74999.0,35800
557,2009,4.6,0,79999.0,61300
558,1995,2.8,0,74999.0,11000
559,2009,4.0,0,79999.0,39800
560,2015,2.0,0,84999.0,163800
561,2018,2.0,0,94999.0,148800
564,2003,2.8,0,74999.0,28500
565,2016,1.0,0,139999.0,23800
566,2008,1.5,0,79999.0,16800
567,2009,4.0,0,74999.0,42800
568,2011,4.0,0,94999.0,61800
569,2017,4.0,0,84999.0,68000
570,2001,3.0,0,84999.0,25800
571,1995,2.8,0,79999.0,15300
572,1994,2.8,0,79999.0,15500
573,2017,2.0,0,84999.0,99800
574,2023,4.0,0,89999.0,96800
575,2023,5.2,0,84999.0,89800
576,2017,2.0,0,99999.0,188800
577,2023,4.6,0,79999.0,85800
578,2023,3.0,0,84999.0,75000
579,2023,3.0,0,84999.0,83000
580,2023,3.0,0,79999.0,89500
581,2023,3.0,0,79999.0,81500
582,2023,3.0,0,84999.0,67800
583,2023,4.7,0,79999.0,95000
584,2023,3.0,0,84999.0,83000
585,2023,3.0,0,79999.0,75300
586,2002,3.0,0,79999.0,41500
587,2014,4.0,0,44999.0,415000
588,1990,2.5,0,79999.0,19800
589,2007,2.8,0,79999.0,29800
590,2003,3.6,0,74999.0,39800
591,1996,2.8,0,84999.0,21800
592,2017,2.0,0,94999.0,175800
593,2018,1.6,0,74999.0,158800
594,2011,2.0,0,94999.0,38800
595,2023,6.4,0,4999.0,150000
596,2017,2.0,0,74999.0,155800
597,2013,2.0,0,94999.0,33800
598,2018,2.0,1,69999.0,149800
600,2019,2.0,0,19999.0,238800
601,2013,2.5,0,109999.0,50800
602,2012,2.0,0,84999.0,99800
603,2007,1.6,0,249999.0,7999
604,2017,1.5,1,94999.0,77200
605,2015,3.5,1,99999.0,103300
606,2018,2.0,1,49999.0,107900
607,2020,2.0,1,79999.0,132600
609,2013,1.2,0,79999.0,56800
610,2019,1.3,0,39999.0,179800
611,2012,2.0,0,74999.0,89800
612,2018,2.5,5,24999.0,275000
613,2019,2.0,5,24999.0,173000
614,2015,2.5,1,99999.0,51700
615,2019,1.5,1,59999.0,66600
616,2020,2.0,1,39999.0,214800
617,2020,2.5,1,44999.0,218800
618,2013,2.0,0,94999.0,69500
619,2021,2.0,5,4999.0,339800
621,2018,2.0,5,29999.0,288800
622,2017,1.5,0,89999.0,118800
623,2015,2.0,0,89999.0,136800
624,2016,2.0,0,79999.0,55800
625,2010,2.0,1,59999.0,29888
626,2013,2.5,0,109999.0,35800
627,2004,2.0,0,129999.0,11800
628,2011,2.0,0,94999.0,39800
629,2015,2.2,1,84999.0,55500
630,2017,2.0,1,109999.0,133800
632,2016,1.8,1,84999.0,63600
633,2015,2.0,1,34999.0,145000
634,2021,2.0,5,29999.0,313000
635,2022,2.5,5,14999.0,290000
636,2018,2.5,5,39999.0,209888
637,2019,2.5,5,24999.0,255888
638,2018,2.5,5,9999.0,255800
639,2018,2.0,0,44999.0,358000
640,2019,3.0,0,29999.0,285800
641,2017,2.0,3,69999.0,198000
642,1996,1.3,0,159999.0,4800
643,2020,3.0,0,59999.0,625000
644,2020,3.0,0,24999.0,305000
645,2019,3.0,0,49999.0,845000
646,2011,1.6,0,94999.0,15800
647,2023,4.7,0,4999.0,78600
648,2019,1.5,0,49999.0,58500
649,1996,2.8,0,79999.0,21300
650,2005,2.5,0,199999.0,7800
651,2005,2.0,1,169999.0,7800
652,2018,2.5,5,24999.0,248888
653,2012,3.0,0,109999.0,108800
654,2014,1.3,0,89999.0,26800
655,2011,1.3,0,94999.0,16800
656,2014,1.4,0,94999.0,28800
657,2013,1.5,0,94999.0,33800
658,2011,1.5,0,119999.0,26800
659,2019,2.0,1,44999.0,273888
660,2020,2.0,1,34999.0,108888
661,2023,6.4,0,4999.0,95600
662,2023,4.7,0,4999.0,78600
663,2023,6.9,0,4999.0,84600
664,2010,2.0,0,179999.0,23800
665,2020,2.0,2,29999.0,245888
666,2023,6.4,0,4999.0,95500
671,2015,2.5,0,109999.0,202800
672,2013,1.5,0,89999.0,22800
674,2019,1.6,1,44999.0,35800
675,2015,2.0,0,89999.0,56800
677,2017,1.2,0,89999.0,27800
681,2018,2.0,0,69999.0,139800
682,2019,2.5,1,24999.0,188888
683,2005,2.0,0,19999.0,21800
684,2010,4.8,0,94999.0,99800
685,2011,1.6,0,99999.0,16800
687,2021,2.0,5,24999.0,192888
689,2012,1.4,0,84999.0,30800
690,2010,3.5,0,94999.0,89900
696,2012,1.6,0,89999.0,19800
697,2013,1.5,0,79999.0,24800
698,2019,2.5,5,24999.0,229888
699,2020,4.4,1,19999.0,888000
700,2019,2.5,5,29999.0,198888
701,2019,2.5,1,29999.0,212888
702,2013,2.0,0,109999.0,39800
703,2018,2.5,1,34999.0,258888
704,2009,3.0,0,149999.0,33800
705,2016,5.2,1,9999.0,1280000
706,2005,2.0,0,109999.0,16800
709,2020,2.5,5,29999.0,208888
710,2016,4.2,0,249999.0,78800
711,2010,2.7,0,129999.0,55500
712,2015,2.8,0,129999.0,36500
716,2018,2.4,5,39999.0,145888
718,2016,2.8,0,179999.0,63500
719,2015,2.0,0,89999.0,68800
720,2019,2.5,5,24999.0,222888
721,2014,2.4,0,94999.0,59800
722,2016,1.5,0,129999.0,49800
723,2018,2.5,1,24999.0,233800
725,2022,5.2,0,4999.0,92600
727,2018,2.5,1,24999.0,213888
728,2018,2.5,1,29999.0,248888
729,2019,5.0,1,24999.0,293888
730,2016,2.5,5,94999.0,42999
733,2013,1.4,0,109999.0,58800
734,2013,1.7,1,94999.0,59800
735,2019,2.0,1,29999.0,438000
736,2020,2.0,1,14999.0,328000
737,2018,2.0,1,44999.0,318000
738,2019,1.3,1,29999.0,218000
739,2022,4.0,0,4999.0,91600
740,2022,3.0,0,4999.0,97000
743,2017,1.2,0,119999.0,36800
745,2016,4.2,0,179999.0,78800
746,2022,5.0,0,79999.0,108000
747,2015,2.5,0,99999.0,49800
748,2022,5.2,0,4999.0,93600
749,2014,2.2,0,99999.0,39800
750,2015,3.0,0,74999.0,298000
751,2022,6.4,0,4999.0,93600
752,1992,970.0,0,79999.0,43000
753,2020,2.5,5,24999.0,212888
754,2013,1.3,0,79999.0,18800
757,2017,3.0,0,54999.0,388000
758,2022,5.2,0,4999.0,148000
759,2022,8.8,0,4999.0,148000
760,2012,1.8,0,149999.0,68800
761,2016,4.0,0,24999.0,588000
762,2017,2.0,0,89999.0,177800
763,2011,2.5,0,109999.0,22800
764,2017,2.0,0,79999.0,139800
766,2015,3.0,0,34999.0,278000
767,2017,2.0,0,89999.0,163000
768,2019,4.0,1,24999.0,1180000
769,2010,1.6,0,109999.0,14800
770,2018,2.0,1,24999.0,278000
771,2021,2.0,1,14999.0,458000
772,2018,2.5,1,39999.0,269888
773,2017,2.5,1,29999.0,202888
774,2018,5.0,1,29999.0,688000
776,2020,2.5,0,34999.0,279000
777,2019,2.5,1,29999.0,241800
778,2019,2.5,1,19999.0,238888
779,2013,1.6,0,129999.0,36800
780,2020,2.8,3,19999.0,47500
781,2018,3.0,0,54999.0,648000
782,2012,2.5,0,89999.0,27800
786,2016,2.5,2,69999.0,228000
787,2008,1.8,0,139999.0,26800
788,2014,2.0,0,139999.0,139800
792,2014,1.3,0,84999.0,26800
793,2011,2.0,0,69999.0,48800
797,2009,1.6,0,94999.0,9000
798,2010,1.5,0,99999.0,22800
801,2015,4.2,0,179999.0,75500
803,2015,6.3,0,19999.0,1390000
809,2019,2.5,0,29999.0,228800
810,2010,4.3,0,39999.0,59900
811,2011,2.5,0,109999.0,35800
812,2018,3.0,1,34999.0,438000
821,2014,2.2,0,94999.0,54800
822,1995,1.8,0,109999.0,41800
823,2020,2.0,1,4999.0,368000
824,2015,4.0,0,79999.0,398000
825,2018,5.0,1,24999.0,628000
826,2019,4.3,1,9999.0,998000
827,2021,2.3,1,9999.0,335000
831,2019,2.5,5,29999.0,178888
832,2016,2.5,0,74999.0,223000
834,2022,3.0,0,4999.0,70000
835,2020,2.5,5,14999.0,155000
837,2012,1.6,0,99999.0,35800
842,2011,4.8,0,64999.0,118800
843,2009,3.5,0,99999.0,85500
846,2018,3.8,1,9999.0,999000
848,2007,3.6,0,94999.0,378000
850,2015,2.7,0,84999.0,259000
864,2021,1.5,3,9999.0,56800
865,2020,2.0,1,4999.0,378000
867,2018,3.0,1,14999.0,399000
869,2021,6.9,0,4999.0,72000
875,2022,2.0,5,4999.0,218000
886,2019,2.0,5,59999.0,307000
887,2019,2.0,1,19999.0,151000
888,2020,4.0,0,4999.0,72000
891,2017,2.9,1,9999.0,838000
893,2015,3.6,1,14999.0,399000
898,2019,1.5,0,59999.0,178800
909,2019,1.8,0,44999.0,69800
911,2013,1.5,0,99999.0,20800
912,2014,2.0,0,349999.0,38500
913,2008,2.4,0,99999.0,65500
914,2014,1.5,0,149999.0,45800
915,2012,1.6,0,149999.0,27800
916,2017,1.5,0,74999.0,51800
917,2018,2.4,5,64999.0,175000
918,2018,2.0,0,79999.0,169800
919,2020,2.0,1,19999.0,156000
